1	1	ES	2277	1	2277	7	1947	19	1806	+1	+133	0	+103	0	+98	0	+120	+7	+268	+5	+321	791	341	303	147	470	138	183	1612	702
2	2	AR	2173	1	2200	5	1988	26	1751	−1	+25	0	+60	0	+64	0	+23	+1	+94	−1	+73	1119	381	419	319	619	229	271	2136	1144
3	3	EN	2107	1	2213	4	1983	17	1810	+1	+69	+1	+71	+2	+88	+3	+112	+3	+62	+6	+178	1171	510	525	136	691	217	263	2745	1133
4	4	FR	2103	1	2163	16	1797	40	1515	−1	−20	−1	+22	−1	+36	0	+89	+1	+53	+1	+117	950	475	343	132	483	272	195	1732	1285
5	5	PT	2022	2	2060	19	1798	41	1624	+2	+32	0	+47	−1	−19	+2	+47	+2	+7	+5	+98	703	323	263	117	352	190	161	1237	785
6	6	CO	2000	3	2069	48	1622	102	1304	0	−4	−1	+25	0	+19	−3	−60	+7	+76	+1	+54	656	185	229	242	270	205	181	853	744
7	7	BR	1990	1	2196	4	1999	20	1806	−2	−41	0	+20	0	+15	−2	−6	−5	−138	−4	−32	1073	373	347	353	675	173	225	2313	962
8	8	NL	1974	1	2153	15	1849	54	1552	0	+3	0	+9	0	+14	0	+15	+4	+42	+4	+72	908	431	359	118	468	240	200	1907	1151
9	9	BE	1959	1	2157	24	1756	70	1504	+8	+76	+10	+93	+11	+108	+3	+36	−8	−176	+5	+78	886	417	378	91	396	304	186	1622	1367
10	10	CH	1942	9	1949	27	1690	57	1485	0	+28	+5	+57	+5	+72	+7	+88	+4	+34	+6	+105	904	426	393	85	323	375	206	1351	1495
11	11	NO	1937	6	1972	38	1625	85	1364	−2	+19	+1	+21	+4	+67	+22	+190	+21	+186	+47	+327	895	427	409	59	340	357	198	1394	1456
12	12	MX	1916	4	1985	20	1785	48	1498	−1	+4	+9	+59	+6	+57	+9	+124	+3	+22	+1	+21	1035	302	273	460	539	258	238	1840	1058
13	13	MA	1903	11	1923	43	1659	86	1510	+3	+17	+11	+93	+10	+80	+12	+124	+29	+216	+49	+322	737	320	219	198	369	166	202	1120	621
14	14	JP	1901	9	1925	61	1469	114	1126	+1	+13	0	+13	+3	+38	0	+27	+19	+158	+20	+168	842	334	207	301	412	258	172	1531	992
15	15	HR	1895	4	2015	12	1881	28	1780	−2	−9	−6	−49	−5	−36	−2	−16	+3	+44	0	+55	405	158	168	79	213	86	106	704	412
16	16	DE	1884	1	2222	8	1911	25	1637	−4	−23	−5	−38	−2	+7	−7	−72	−5	−53	−14	−143	1053	472	417	164	608	226	219	2370	1240
17	17	IT	1882	1	2135	8	1916	23	1608	+1	+13	+2	+16	−4	−10	−6	−61	−13	−189	−9	−60	905	408	326	171	482	178	245	1585	897
18	18	DK	1869	1	2074	20	1800	59	1541	0	0	0	−4	−6	−28	−2	+6	−9	−109	+9	+119	907	415	397	95	421	299	187	1656	1224
19	19	EC	1851	9	1938	64	1527	121	1183	−5	−51	−9	−78	−10	−82	−4	−19	+7	+60	0	+41	605	183	213	209	186	257	162	726	911
20	20	UY	1850	1	2104	12	1876	44	1636	+2	+9	−7	−46	−9	−57	−10	−105	−10	−95	−9	−54	1024	336	434	254	447	323	254	1618	1262
21	21	AT	1845	1	2070	20	1809	74	1548	+2	+9	+2	+24	−2	−10	−3	−8	+17	+136	+15	+120	877	437	385	55	374	315	188	1578	1341
22	22	PY	1821	5	1955	23	1755	51	1619	+2	−2	0	−22	−1	−22	+20	+111	+1	+23	+9	+82	795	215	366	214	279	305	211	1011	1121
23	23	GR	1801	7	1932	49	1559	91	1273	+11	+57	+10	+51	+3	+2	+1	+21	+20	+119	+27	+165	660	299	298	63	253	250	157	838	910
24	24	SN	1800	17	1879	56	1592	107	1387	−3	−42	−7	−78	+1	−3	+7	+46	+17	+101	+22	+120	711	221	261	229	320	196	195	980	682
25	25	UA	1798	14	1873	31	1745	66	1561	+3	+18	+5	+38	+6	+25	+4	+31	0	+5	+9	+65	342	134	148	60	155	91	96	479	358
26	26	AU	1797	11	1876	35	1671	77	1473	−1	−2	+2	+19	+3	+7	+12	+73	+3	+36	+7	+63	643	273	224	146	327	182	134	1295	725
27	27	TR	1794	9	1910	42	1614	76	1368	−7	−58	−12	−91	−5	−41	−7	−18	+12	+87	−10	−23	673	289	302	82	267	252	154	951	972
28	28	RU	1772	1	2085	24	1740	53	1449	+1	0	−2	−11	0	−24	−6	−14	+6	+30	+15	+68	811	313	379	119	430	174	207	1473	772
29	29	NG	1769	16	1826	38	1669	74	1500	+1	+2	+3	+14	+36	+185	+32	+179	+15	+89	+24	+139	718	242	264	212	333	180	205	1083	726
30	30	SE	1759	2	2012	17	1796	54	1578	+6	+17	+16	+57	+7	+30	+14	+57	−14	−101	+2	+22	1123	492	497	134	550	337	236	2230	1492
30	30	DZ	1759	19	1807	47	1622	110	1386	−4	−26	+6	+20	+16	+63	+20	+91	0	+3	+18	+99	696	262	235	199	314	198	184	1068	714
32	32	US	1757	9	1890	40	1645	94	1407	−5	−24	+8	+27	+13	+59	+5	+31	−16	−103	−8	−21	834	493	253	88	372	289	173	1269	1085
33	33	IR	1748	13	1853	41	1658	79	1445	−2	−16	+3	+9	−1	−20	−14	−72	−13	−78	−5	−1	672	222	195	255	383	133	156	1274	531
34	34	SQ	1747	1	2104	14	1877	64	1597	−1	+2	−7	−33	0	+6	+9	+43	+15	+90	+4	+29	870	403	411	56	411	270	189	1491	1078
35	35	CI	1739	15	1863	45	1640	76	1475	−1	−5	+18	+75	+26	+149	+21	+105	+16	+96	+6	+33	698	242	238	218	352	168	178	1139	700
36	36	CA	1736	21	1841	49	1599	90	1471	−5	−28	−11	−58	−9	−61	−8	−33	−1	+1	+43	+214	496	158	200	138	193	187	116	639	630
37	37	VE	1729	18	1829	83	1434	122	1217	+2	−4	+6	+7	+3	+12	−10	−41	−1	+15	+7	+36	484	179	180	125	130	247	107	525	876
38	38	EG	1728	12	1872	37	1662	70	1529	−2	−14	+13	+48	+13	+63	+13	+62	+22	+129	+17	+107	890	357	279	254	447	218	225	1543	928
39	39	KR	1725	16	1845	35	1687	83	1444	+1	+2	−8	−33	−9	−49	−4	−20	−8	−28	−17	−63	1057	355	256	446	575	224	258	1919	972
40	40	CD	1718	21	1782	62	1558	114	1388	+3	+6	+17	+78	+28	+142	+26	+143	+47	+250	+33	+176	555	167	226	162	229	174	152	845	649
41	41	IE	1715	4	1918	24	1626	64	1237	+5	+16	+7	+19	+18	+112	+23	+133	+14	+105	−15	−51	745	378	306	61	263	288	194	982	1162
42	42	KO	1714	37	1737	102	1422	120	1362	0	0	−4	−23	+13	+79	+37	+202	+38	+207	+64	+303	111	50	41	20	44	44	23	158	150
43	43	CL	1710	2	2040	29	1678	59	1383	−2	−7	−8	−33	+5	+20	+5	+21	−15	−69	−39	−281	855	328	309	218	319	348	188	1197	1220
44	44	RS	1697	2	2018	20	1787	46	1516	−6	−37	−15	−69	−20	−108	−21	−86	−20	−100	−7	−24	867	304	427	136	406	269	192	1633	1187
45	45	HU	1691	1	2235	20	1835	74	1528	−1	−19	−1	−14	+2	−4	−15	−75	−8	−19	−5	−16	1038	470	493	75	490	325	223	2079	1528
46	46	PE	1689	10	1916	35	1679	76	1485	0	−10	+1	−10	−4	−21	−6	−24	−25	−126	−28	−124	711	266	254	191	229	306	176	861	995
47	47	PL	1681	2	2084	30	1713	62	1530	−3	−29	−13	−65	−5	−29	−14	−66	−20	−101	−27	−127	922	398	410	114	400	296	226	1565	1244
48	48	SI	1680	26	1777	54	1625	77	1518	0	−2	+1	−8	−12	−51	−22	−97	+8	+72	+11	+71	322	146	146	30	116	118	88	401	381
49	49	SK	1670	17	1775	40	1681	67	1567	+2	+3	+5	+7	−9	−47	−4	−31	−1	+10	−19	−71	369	159	166	44	151	131	87	523	460
50	50	WA	1669	3	1909	22	1671	85	1403	−2	−13	−5	−34	−12	−55	−5	−32	−28	−139	−27	−112	737	346	359	32	236	334	167	919	1179
51	51	CZ	1666	1	2033	13	1856	51	1666	−1	−14	−9	−57	−18	−95	−12	−56	−32	−162	−12	−46	890	363	418	109	428	262	200	1637	1107
52	52	BA	1655	20	1806	53	1626	90	1469	+6	+33	+13	+71	+25	+138	+34	+164	+1	+23	−27	−113	287	118	140	29	106	113	68	403	396
53	53	PA	1650	27	1773	99	1363	143	1154	−1	−8	−13	−80	−18	−83	−17	−80	+6	+50	−6	−14	598	201	229	168	197	255	146	744	920
54	54	UZ	1647	25	1766	60	1597	93	1428	+2	+16	−15	−85	−15	−72	−7	−44	+18	+99	−9	−36	371	131	129	111	181	115	75	641	414
55	55	AL	1631	37	1675	74	1498	116	1362	+6	+15	0	−22	+2	0	−1	−7	+9	+59	−4	−4	408	190	185	33	114	209	85	391	601
56	56	EI	1630	13	1853	41	1654	111	1396	+8	+25	+7	+35	+9	+46	+20	+109	+2	+24	−7	−22	614	277	299	38	173	290	151	646	928
56	56	GE	1630	31	1754	70	1554	104	1434	−3	−24	−1	−23	−12	−70	−25	−124	+25	+145	+33	+159	323	143	148	32	107	147	69	415	445
58	58	JO	1622	40	1701	111	1324	153	1094	−1	−6	−8	−65	−2	−11	−1	−8	+28	+148	+20	+99	589	202	193	194	207	223	159	734	726
59	59	CM	1621	14	1850	53	1604	80	1442	+3	+7	+3	+20	+8	+42	+6	+44	+9	+60	−5	−1	662	185	247	230	288	172	202	955	713
60	60	SA	1616	29	1736	76	1498	128	1238	+5	+20	+9	+45	+2	+29	+2	+27	−8	−22	+11	+61	845	327	151	367	398	249	198	1289	904
61	61	BO	1614	21	1798	60	1510	92	1243	−1	−7	−9	−56	−12	−75	−6	−22	0	+28	−9	−20	539	189	205	145	122	296	121	551	1062
62	62	ML	1612	42	1651	70	1523	129	1302	+5	+24	+2	+23	−2	+15	−2	+21	+9	+62	+2	+42	626	196	234	196	250	206	170	827	719
63	63	IL	1607	23	1775	50	1617	88	1393	−9	−40	−3	−27	−10	−31	+7	+50	−13	−48	+7	+50	534	255	216	63	198	214	122	815	790
64	64	CV	1595	58	1625	120	1304	146	1172	−6	−27	+9	+46	+10	+51	+8	+44	+34	+177	+24	+119	258	80	92	86	96	99	63	278	286
65	65	RO	1590	5	1944	29	1717	66	1501	−10	−49	−7	−47	−13	−60	−25	−123	−18	−77	−23	−115	804	334	379	91	355	249	200	1309	1026
66	66	NM	1575	40	1667	72	1539	110	1402	0	−14	−1	−9	−8	−48	+5	+22	0	+11	+36	+150	307	143	134	30	96	132	79	367	416
67	67	ZA	1570	7	1847	30	1723	99	1449	+6	+10	+11	+38	+9	+43	+6	+20	+8	+42	−7	−32	528	274	162	92	233	140	155	723	542
68	68	AE	1569	37	1692	98	1396	163	980	+7	+29	+8	+29	+5	+20	+6	+31	+17	+92	−5	−11	676	287	141	248	265	238	173	940	831
69	69	IQ	1564	20	1740	47	1629	96	1456	+3	+3	−2	−18	+2	0	−16	−96	−15	−51	+26	+104	765	138	231	396	360	192	213	1204	720
69	69	HN	1564	23	1789	63	1501	111	1331	0	−6	+1	−3	−5	−21	+12	+59	−6	−13	−1	+4	670	213	218	239	264	233	173	967	862
69	69	HT	1564	36	1674	81	1418	129	1265	+12	+47	+10	+34	+14	+76	+8	+48	+7	+38	+13	+53	568	181	196	191	249	201	118	969	771
72	72	GH	1560	10	1877	42	1650	101	1425	−4	−16	+10	+53	+10	+70	+13	+60	−10	−22	−16	−58	784	247	299	238	371	216	197	1250	828
73	73	AO	1557	52	1629	86	1457	161	1213	+1	+14	+1	+13	−4	−17	−10	−26	+51	+220	+88	+344	476	166	185	125	176	140	160	579	490
73	73	NZ	1557	29	1642	66	1501	102	1340	+4	+23	−2	+5	−11	−30	−4	−12	+8	+72	0	+15	446	135	190	121	182	183	81	776	662
75	75	IS	1554	18	1841	81	1425	127	1259	−5	−14	−7	−19	−3	−8	−8	−20	−5	−1	−46	−193	528	217	251	60	160	263	105	636	886
76	76	CR	1542	9	1866	36	1690	78	1475	−13	−67	−17	−93	−26	−124	−24	−120	−19	−65	−56	−266	791	260	280	251	355	245	191	1369	925
77	77	FI	1539	14	1757	62	1501	121	1247	−1	+3	−2	−3	−2	−3	−19	−68	−37	−165	−10	−22	825	336	431	58	218	440	167	977	1696
78	78	TN	1533	24	1757	47	1616	87	1438	−7	−29	−17	−93	−24	−103	−29	−146	−32	−135	−10	−27	781	338	253	190	330	234	217	1109	859
79	79	BF	1524	56	1617	98	1403	137	1265	−1	−5	−2	−14	0	+15	0	+12	−14	−41	+14	+60	495	155	188	152	171	192	132	616	678
80	80	JM	1514	38	1700	83	1414	133	1221	−1	−13	−8	−36	−10	−56	−21	−81	−6	−18	+5	+19	721	274	268	179	281	273	167	964	945
81	81	GT	1509	30	1642	68	1486	108	1382	+1	+5	−1	−5	−1	+2	+1	+6	+7	+50	+1	−2	630	206	181	243	226	238	166	886	861
82	82	BY	1507	43	1666	80	1506	120	1350	−2	−15	−1	−6	+3	+32	+6	+43	+2	+25	−25	−105	309	105	159	45	91	138	80	348	447
83	83	ME	1490	34	1720	61	1595	94	1440	+4	+29	+5	+44	−2	−2	−6	−26	−4	−22	−18	−79	176	92	79	5	60	73	43	210	242
84	84	CW	1486	26	1618	97	1381	188	1011	+7	+48	+6	+46	+20	+79	+47	+159	+12	+61	+85	+320	505	175	178	152	204	176	125	895	784
85	85	SY	1485	52	1618	86	1428	123	1253	−2	+6	−1	−1	+10	+53	+12	+45	+6	+40	−5	−30	599	125	225	249	223	227	149	860	761
86	86	PS	1479	66	1483	121	1255	159	1155	−1	+14	0	+10	+3	+31	+15	+69	+9	+48	+33	+133	294	19	113	162	85	128	81	376	450
87	87	LU	1476	24	1520	108	1257	191	978	+2	+26	+7	+52	+14	+60	+2	+14	+15	+75	+64	+244	475	258	202	15	56	357	62	311	1225
88	88	SR	1470	26	1592	84	1404	170	1160	+4	+39	+4	+39	+9	+46	+39	+133	+38	+136	+74	+261	542	231	221	90	239	175	128	983	740
89	89	OM	1468	53	1633	127	1212	182	782	−6	−11	−6	−22	−11	−48	−5	−33	−12	−52	+1	−1	596	230	146	220	223	220	153	758	788
90	90	VN	1461	62	1513	120	1297	176	1093	+28	+110	+36	+130	+42	+140	+60	+206	+11	+59	+55	+205	535	179	134	222	230	200	105	948	774
91	91	GN	1454	22	1773	72	1516	128	1302	−5	−10	−6	−28	−5	−12	+3	+9	+3	+22	−16	−81	647	172	264	211	251	212	184	954	806
92	92	QA	1449	26	1771	93	1416	164	963	+7	+38	+1	+24	−8	−38	−25	−125	−47	−224	−16	−84	704	328	148	228	291	235	178	998	836
93	93	NS	1442	64	1486	87	1450	105	1426	−3	0	−4	0	0	0	+2	0	−1	0	+6	+1	16	5	3	8	8	6	2	28	22
94	94	BG	1432	7	1912	41	1632	98	1312	−6	−26	−7	−29	0	−9	−11	−70	−21	−102	−33	−155	783	300	401	82	286	301	196	1095	1154
95	95	KZ	1431	48	1622	100	1420	130	1306	−2	+3	+3	+10	+12	+42	−3	−26	+13	+56	+9	+16	273	103	124	46	70	143	60	286	455
96	96	KD	1424	94	1424	100	1424	108	1403	−2	0	−2	0	+1	0	+4	0	+1	0	+7	0	4	2	0	2	3	0	1	12	3
97	97	GM	1421	89	1454	118	1309	144	1189	0	+2	−3	−3	−5	−22	+28	+79	+16	+50	+44	+144	300	109	100	91	82	136	82	321	434
98	98	BJ	1417	58	1540	109	1356	168	1130	+2	+11	+1	−1	−7	−27	+6	+10	−9	−32	+12	+24	355	129	143	83	87	182	86	367	624
99	99	LY	1408	44	1617	82	1469	128	1321	−3	−12	−5	−16	−3	−21	+12	+31	+11	+35	−15	−97	459	165	166	128	165	185	109	622	613
99	99	UG	1408	29	1625	74	1483	130	1306	+3	+13	+4	+13	+2	−8	+8	+18	−7	−34	−14	−87	739	251	259	229	306	238	195	1112	889
101	101	GA	1400	59	1593	95	1413	126	1268	0	−2	+1	−2	−14	−65	−8	−46	−2	−17	−4	−50	463	184	155	124	159	175	129	551	569
102	102	CN	1399	17	1752	49	1579	112	1376	−8	−25	−11	−37	+3	−4	+8	+19	−19	−84	−36	−169	769	273	267	229	373	232	164	1444	868
103	103	NE	1392	99	1409	133	1239	159	1082	+2	+10	−2	−13	+11	+29	+50	+152	+48	+158	+30	+100	293	100	117	76	66	158	69	289	518
103	103	GQ	1392	61	1604	150	1160	188	1008	+3	+12	+2	+1	−16	−73	−28	−131	+14	+30	+17	+53	198	80	65	53	57	97	44	183	290
105	105	TG	1389	48	1603	90	1439	144	1263	+3	+10	+12	+42	+9	+26	+8	+17	+39	+125	+2	−19	496	180	198	118	159	210	127	540	675
106	106	FO	1383	61	1386	122	1253	169	1154	−3	−3	0	+1	+34	+97	+46	+139	+39	+124	+41	+135	284	120	141	23	51	195	38	214	642
107	107	ZW	1381	43	1574	78	1462	146	1279	+6	+9	+5	+10	+12	+26	+22	+47	+16	+40	+5	−10	554	191	223	140	208	185	161	742	667
108	108	MG	1378	68	1508	104	1366	167	1162	−2	−2	−2	−4	+21	+47	+24	+54	+19	+48	+40	+137	358	120	122	116	136	144	78	495	538
109	109	KP	1375	17	1803	63	1566	131	1315	0	0	0	0	+1	0	−6	−33	−2	−3	−32	−156	417	50	149	218	175	127	115	641	447
110	110	EE	1374	32	1541	94	1351	175	1085	+7	+14	+5	+16	+8	+18	+8	+18	−10	−38	−14	−79	541	230	256	55	134	286	121	533	956
111	111	TH	1372	67	1546	112	1317	141	1123	−2	−3	+3	+5	+11	+22	−13	−67	+26	+82	−3	−33	944	393	204	347	372	360	212	1507	1415
112	112	ZM	1368	31	1710	60	1551	124	1344	+2	−3	0	−3	−4	−8	+4	+10	−22	−79	−12	−66	880	282	361	237	393	262	225	1390	957
113	113	AM	1367	62	1589	102	1418	144	1243	−1	−6	−5	−12	−10	−45	−22	−91	−46	−195	−32	−145	285	117	132	36	67	159	59	287	542
113	113	KM	1367	95	1434	185	944	206	830	−2	−7	−3	−5	−16	−57	+12	+25	+38	+133	+77	+401	160	29	36	95	41	82	37	146	249
115	115	SD	1366	24	1708	90	1444	155	1227	+4	+16	+1	+16	−7	−10	−7	−20	+4	+15	+23	+84	554	154	204	196	188	225	141	629	730
116	116	BH	1365	51	1634	109	1349	155	1074	−18	−49	−17	−53	−27	−83	−29	−113	−47	−195	−15	−65	639	218	159	262	223	250	166	780	831
117	117	MZ	1358	83	1495	116	1333	152	1211	+4	+16	−7	−14	−17	−60	−21	−83	+15	+51	+6	+29	445	167	177	101	139	194	112	467	586
118	118	RW	1356	96	1462	144	1207	176	1034	+7	+19	+12	+38	+9	+16	+2	+3	+12	+42	+9	+47	291	108	100	83	91	126	74	301	365
119	119	MR	1351	98	1424	155	1117	182	911	+9	+22	+15	+40	+6	+8	+4	+3	−1	−7	+10	+46	301	91	103	107	57	173	71	220	528
120	120	KE	1350	52	1565	90	1379	140	1240	−4	−13	−2	+5	+6	+9	−21	−83	−14	−36	−3	−6	782	292	283	207	294	293	195	1079	1063
121	121	RE	1345	72	1395	125	1185	160	1047	−1	0	−3	0	+3	0	+3	0	−7	−24	−8	−36	139	53	38	48	55	55	29	237	252
122	122	TT	1344	11	1662	61	1505	125	1313	−19	−42	−18	−48	−16	−46	−13	−40	−7	−24	−50	−204	874	345	365	164	375	306	193	1449	1135
123	123	SV	1343	32	1607	72	1470	130	1321	−2	+1	0	+1	−11	−27	−22	−67	−45	−171	−14	−57	687	209	210	268	227	306	154	863	1027
124	124	GP	1331	50	1530	91	1408	166	1179	0	−7	0	−7	+4	−7	+3	−6	+31	+118	+16	+52	295	92	89	114	129	114	52	511	413
124	124	AZ	1331	64	1550	108	1396	143	1257	+5	+9	−3	−13	−11	−36	−34	−129	−15	−43	−14	−62	326	117	153	56	68	176	82	267	546
126	126	DO	1329	126	1329	167	1061	189	930	+19	+46	+17	+45	+14	+43	+28	+91	+37	+158	+23	+95	192	87	65	40	71	89	32	306	310
127	127	ID	1326	39	1579	101	1360	179	1099	−13	−45	−6	−18	−7	−28	−12	−35	+52	+224	+32	+110	789	255	193	341	301	333	155	1324	1274
128	128	ZN	1321	101	1367	145	1120	169	936	+2	0	+1	0	+4	0	+6	0	0	−2	+9	+35	219	38	45	136	39	132	48	186	461
129	129	NA	1318	97	1428	136	1273	168	1118	+6	+15	+6	+15	−15	−45	−7	−31	−25	−70	−14	−52	305	102	121	82	78	135	92	296	424
130	130	CY	1310	63	1575	101	1380	141	1250	+1	−4	+8	+15	+5	−1	+7	+1	+1	−2	−25	−102	433	237	190	6	84	272	77	393	939
131	131	SL	1307	65	1552	104	1368	158	1185	−10	−35	−13	−38	−11	−47	+9	+7	−10	−42	−16	−63	339	116	141	82	98	152	89	333	478
131	131	GY	1307	15	1525	104	1295	182	1044	+6	+14	+13	+25	+18	+43	+20	+55	+39	+163	+25	+86	455	177	193	85	144	222	89	589	782
133	133	KW	1306	27	1733	84	1467	143	1175	−6	−26	−6	−22	+6	+12	−14	−49	−23	−67	−42	−160	765	268	178	319	321	251	193	1201	886
134	134	NI	1301	65	1373	146	1032	197	900	−8	−32	−6	−26	−5	−30	−22	−72	+16	+65	+10	+44	255	63	102	90	54	169	32	261	630
135	135	KG	1296	127	1332	155	1204	178	1094	+1	+1	+5	+5	−1	−17	+10	+21	+3	+19	+22	+77	193	50	74	69	56	105	32	213	337
136	136	BW	1295	100	1438	150	1168	190	997	+12	+28	+12	+39	−7	−36	+7	+11	−3	−6	−3	+3	370	166	138	66	98	166	106	315	494
137	137	GW	1291	84	1415	126	1281	163	1177	+13	+43	+14	+51	+10	+24	−20	−66	−34	−106	+5	+15	216	66	65	85	59	104	53	217	320
138	138	LB	1288	79	1472	109	1328	164	1166	+1	0	−13	−44	−15	−59	+1	−16	−28	−85	−24	−86	419	139	143	137	122	185	112	502	616
139	139	MQ	1286	39	1565	80	1458	139	1286	−6	−26	−6	−26	−28	−87	−35	−121	−35	−102	−47	−179	373	136	127	110	167	118	88	678	493
139	139	LT	1286	47	1662	92	1317	151	1049	+7	+7	+1	−5	+4	+1	−7	−38	−4	−6	−41	−161	420	171	208	41	107	230	83	418	760
141	141	LR	1285	70	1518	112	1342	154	1218	−7	−19	−2	−8	+7	+20	+5	+21	−25	−81	−16	−35	343	146	145	52	91	176	76	319	524
142	142	BI	1276	84	1465	125	1286	168	1163	+1	−10	+4	+1	+4	+7	−6	−36	+7	+35	−14	−32	242	52	90	100	74	113	55	274	335
143	143	MY	1273	58	1547	123	1286	185	1054	−6	−20	−12	−40	−7	−33	−1	−19	+13	+67	+32	+151	935	393	248	294	365	358	212	1521	1355
143	143	MT	1273	78	1435	119	1322	171	1155	+6	+18	+7	+24	+7	+14	+6	+14	+3	+20	+10	+43	458	247	184	27	68	314	76	302	1021
145	145	ET	1271	39	1639	99	1394	154	1238	−4	−16	0	−9	+6	+21	−4	−27	−23	−76	−15	−32	475	216	163	96	171	200	104	657	692
146	146	TZ	1270	65	1514	117	1297	169	1130	−14	−43	−15	−43	−32	−93	−40	−124	−22	−67	−22	−52	663	248	239	176	197	281	185	763	959
147	147	LV	1269	41	1575	88	1394	155	1217	−8	−19	−11	−28	−9	−26	−12	−50	−13	−29	−60	−218	460	193	214	53	127	221	112	532	755
148	148	TJ	1267	75	1503	123	1333	164	1195	−4	−17	−11	−29	−4	−14	−27	−83	−8	−2	+4	+36	214	57	85	72	80	88	46	307	302
148	148	MD	1267	65	1556	110	1389	165	1169	−1	−3	−1	−1	−11	−33	−34	−97	+10	+67	−30	−80	303	115	147	41	60	173	70	247	525
150	150	CU	1265	21	1683	84	1438	161	1115	+1	+26	+2	+26	+5	+41	−12	−43	−10	−4	−24	−45	487	103	212	172	187	189	111	683	684
151	151	MW	1247	48	1592	115	1328	153	1092	0	+8	−2	−5	−6	−29	−4	−16	−22	−74	−30	−85	701	307	245	149	233	265	203	819	903
152	152	YT	1216	149	1233	157	1202	174	1124	+3	0	+4	0	+5	0	+5	0	+2	−8	+6	−2	41	2	11	28	13	17	11	55	59
153	153	ER	1215	142	1246	163	1159	185	1057	+5	+13	+7	+39	+13	+75	+13	+75	+18	+75	+31	+140	87	20	29	38	17	50	20	62	138
154	154	TM	1209	67	1545	117	1356	161	1205	+2	0	+1	−8	−2	−38	+4	+4	−18	−82	−18	−80	186	42	76	68	70	82	34	284	281
155	155	CF	1208	81	1417	124	1295	167	1177	−2	−28	−2	−30	−2	−24	−25	−123	−16	−66	−22	−84	166	32	67	67	36	96	34	182	330
156	156	NC	1207	50	1532	103	1357	176	1090	−15	−80	−14	−80	−16	−79	−1	−24	−13	−60	−24	−90	288	87	71	130	142	112	34	742	426
157	157	GF	1198	71	1396	125	1247	172	1109	−3	−25	−3	−25	−1	−25	−13	−81	−17	−71	−15	−78	191	66	67	58	57	93	41	281	330
158	158	CG	1192	33	1690	83	1469	160	1192	−1	−15	−1	−15	−4	−35	−10	−70	−39	−159	−64	−270	477	180	190	107	173	189	115	681	668
159	159	YE	1191	109	1367	144	1212	178	1078	+1	−4	+4	+40	+13	+70	+15	+89	+6	+21	+4	−17	298	56	87	155	67	175	56	306	579
160	160	LS	1188	125	1325	151	1181	179	1103	−1	−10	−2	−17	−1	−11	−1	−16	−3	−13	0	−27	358	115	147	96	71	182	105	283	584
161	161	SG	1180	80	1415	134	1229	187	1041	+6	+46	+7	+49	+16	+107	+11	+69	+13	+44	+10	+41	785	329	189	267	250	376	159	1057	1408
162	162	TI	1179	49	1592	103	1386	171	1137	0	+2	−3	+2	0	+2	0	−8	−1	−14	−9	−51	255	58	72	125	137	82	36	696	384
163	163	VU	1170	111	1263	156	1104	191	960	+6	+53	+8	+57	+17	+125	+12	+79	0	−1	+4	−17	231	54	52	125	73	125	33	413	491
164	164	VC	1166	58	1501	110	1322	185	1030	0	+25	0	+25	+4	+29	+12	+82	+9	+27	+16	+62	366	138	135	93	132	150	84	568	649
165	165	SW	1149	119	1347	153	1168	181	1062	−2	0	−4	−26	−7	−55	−9	−68	−17	−93	−43	−182	324	123	131	70	71	158	95	297	542
166	166	PR	1146	100	1167	169	937	203	829	−1	+11	−1	+8	+3	+12	−1	+5	+18	+88	+20	+89	198	73	68	57	47	122	29	231	492
167	167	IN	1136	32	1643	112	1329	186	1030	+1	+8	+2	+13	−7	−45	−4	−34	−8	−63	+12	+31	609	178	168	263	217	262	130	832	998
168	168	PG	1112	135	1223	165	1092	188	1017	−3	−23	−2	−23	+6	+8	+10	+33	+1	−38	+5	−24	168	30	44	94	55	82	31	355	361
169	169	SB	1110	110	1379	147	1182	179	1041	+10	+56	+9	+28	+2	−16	−8	−78	−1	−47	+2	−29	226	59	63	104	95	92	39	488	434
170	170	PH	1107	27	1355	135	1069	220	679	−9	−72	−8	−48	0	−25	+13	+65	+1	−33	−31	−173	401	112	128	161	100	241	60	436	1028
171	171	HK	1105	61	1527	123	1287	180	1057	+2	+5	−5	−30	−10	−73	−1	−10	−4	−56	−5	−83	516	185	152	179	178	236	102	818	881
172	172	SS	1101	163	1155	178	1088	188	1018	−1	−8	+1	−8	−6	−39	−1	−13	+9	+22	+5	−12	82	18	30	34	13	53	16	56	147
173	173	FJ	1098	78	1467	129	1246	179	1071	−1	−6	+1	−10	−10	−73	−13	−102	−20	−129	−24	−136	291	109	65	117	127	107	57	652	467
174	174	BZ	1083	61	1201	140	1114	183	1034	+2	+10	+2	−1	+4	+25	+6	+26	+3	−42	−7	−104	130	45	44	41	33	74	23	139	245
175	175	MU	1073	35	1634	108	1334	195	930	+1	0	+1	−11	0	−12	+9	+32	+14	+66	+6	−26	359	124	151	84	100	174	85	450	572
175	175	TD	1073	107	1318	136	1243	177	1073	+1	0	0	−12	−10	−72	−11	−86	−13	−108	−29	−181	182	45	59	78	35	105	42	165	340
177	177	BM	1068	91	1432	128	1283	177	1068	−8	−49	−7	−51	−13	−82	−8	−58	−30	−180	−13	−138	238	106	83	49	79	114	45	378	424
178	178	AD	1067	169	1130	182	1050	196	952	−3	−13	+1	−14	−2	−7	−1	−16	+7	+30	+16	+110	233	93	107	33	15	185	33	78	545
179	179	KN	1065	88	1388	138	1174	186	1002	+3	+35	+7	+63	+5	+39	−6	−41	−19	−132	−48	−236	254	123	80	51	106	101	47	436	397
180	180	GD	1047	46	1548	102	1369	186	1047	−6	−51	−8	−63	−7	−59	−1	−23	−5	−88	−4	−70	312	115	117	80	103	131	78	490	567
181	181	ST	1037	153	1116	174	1056	190	985	0	+2	0	−3	+4	+12	+1	−9	+2	−27	0	−62	83	24	37	22	11	60	12	59	213
182	182	MM	1014	34	1676	124	1243	199	896	+5	+31	+10	+50	+8	+57	+13	+96	+6	+3	+3	−53	571	126	147	298	226	239	106	934	989
183	183	GI	1006	167	1151	178	1081	189	1002	0	−5	0	0	0	−26	−2	−48	−1	−68	−5	−101	120	43	49	28	18	85	17	70	344
184	184	JS	1005	184	1005	188	1004	190	995	0	0	0	0	+2	0	+2	0	+6	0	+3	0	2	0	0	2	1	0	1	4	3
185	185	MF	1001	155	1120	187	983	214	755	−5	−41	−5	−41	−4	−43	+11	+85	+21	+148	+20	+137	88	18	37	33	34	45	9	144	193
186	186	AW	1000	51	1443	126	1198	204	880	+2	+21	+2	+20	+10	+82	+7	+56	+11	+90	+12	+84	209	83	82	44	53	112	44	299	471
187	187	MS	999	116	1022	191	643	236	525	+4	+27	+3	+27	+1	+27	+1	+17	+8	+59	+40	+355	76	15	27	34	20	48	8	81	235
188	188	LC	997	66	1353	126	1240	192	957	−3	−6	−3	−6	−6	−41	−21	−142	−2	−34	−5	−100	266	91	108	67	91	133	42	366	489
189	189	EH	996	186	996	189	996	192	996	−3	0	−2	0	−2	0	−2	0	+2	0	−1	0	1	0	1	0	0	1	0	0	6
190	190	SO	976	132	1218	166	1070	207	834	−1	−2	+1	+9	+9	+71	+11	+82	+9	+69	+17	+133	153	10	50	93	15	115	23	81	383
191	191	SX	964	164	976	187	908	213	757	−1	−10	−2	−12	+2	+33	+11	+73	+22	+201	+11	+85	76	16	26	34	23	40	13	107	195
192	192	AF	961	96	1165	168	919	210	778	0	0	−10	−55	−13	−93	−24	−169	−17	−174	−22	−187	168	8	67	93	38	92	38	153	340
193	193	BB	960	53	1405	122	1242	200	898	+6	+62	+7	+62	−1	+22	−4	+2	−13	−122	−19	−174	377	168	133	76	118	162	97	496	618
194	194	GL	945	163	1035	185	974	197	945	−1	0	−1	0	−3	0	−3	0	−2	−17	−3	−17	22	2	7	13	5	16	1	35	50
195	195	DJ	941	105	942	178	872	215	748	0	0	−1	0	0	+19	−1	−1	+6	+48	+20	+192	121	28	40	53	11	99	11	83	424
196	196	BD	924	151	1110	181	977	210	796	−2	−18	−1	−14	+1	+14	+1	+11	+11	+79	+10	+69	336	98	98	140	89	174	73	307	624
197	197	PK	906	70	1456	154	1101	209	789	0	−5	+10	+74	+12	+89	+9	+78	+7	+24	−1	−49	296	65	105	126	73	170	53	313	648
198	198	DM	903	59	1330	132	1195	198	903	−2	−32	−2	−30	−9	−65	−13	−112	−11	−119	−4	−54	249	72	97	80	61	133	55	289	490
198	198	MC	903	193	909	199	900	202	890	0	0	+1	0	+2	0	+1	0	+2	0	+1	−6	9	0	1	8	4	2	3	11	15
200	200	KH	900	93	1391	158	1057	222	676	+3	+29	+4	+56	+7	+65	+6	+72	+8	+62	+10	+116	323	84	95	144	75	203	45	374	826
201	201	NP	893	169	1008	191	882	209	729	+1	0	−4	−26	−7	−30	−3	−12	−5	−45	−1	−11	296	75	91	130	68	175	53	247	668
202	202	AG	884	102	1319	145	1177	202	874	−2	−11	−1	−11	−4	−25	−11	−61	−36	−279	−47	−344	287	118	101	68	96	137	54	399	492
203	203	LI	883	144	1241	167	1111	203	883	−3	−12	−5	−21	−3	−20	−13	−70	−25	−226	−38	−307	261	116	126	19	19	210	32	104	730
204	204	LK	859	77	1044	161	932	227	647	+1	+23	+6	+77	+9	+106	+13	+151	+22	+196	+9	+100	288	72	90	126	59	178	51	286	700
205	205	SC	830	157	1123	182	986	205	830	−1	−23	−2	−23	−1	−16	−1	−29	−4	−63	−12	−129	191	52	58	81	26	132	33	144	428
206	206	SM	822	165	1015	195	916	212	770	0	−3	+1	−10	−1	−19	+3	+24	+3	+6	−4	−57	229	111	110	8	3	214	12	44	902
207	207	TW	821	15	1771	145	1168	213	760	0	0	−5	−45	−5	−59	−7	−79	−9	−87	+1	+14	342	96	111	135	98	192	52	473	795
208	208	KY	809	153	1140	183	999	210	795	+1	+9	+1	+4	0	−11	0	−1	−5	−82	−11	−137	131	60	40	31	26	79	26	125	315
209	209	BQ	807	81	1130	151	1036	209	807	−1	−10	−3	−30	−3	−29	−4	−25	−16	−151	−20	−183	106	19	53	34	24	70	12	117	261
210	210	MV	798	161	1174	191	884	210	711	−1	−2	−5	−42	−7	−71	−7	−84	−16	−154	−19	−164	243	65	84	94	67	137	39	289	546
211	211	HG	782	208	805	211	783	213	773	0	0	−1	0	−1	0	0	0	−1	+9	−2	−13	4	0	0	4	1	2	1	8	10
212	212	TV	756	179	819	204	745	217	719	0	0	0	0	0	0	0	0	+3	+19	+4	+31	34	0	4	30	9	21	4	47	182
213	213	EU	737	211	757	213	753	215	711	+1	0	0	0	+1	0	+2	0	+1	−20	+1	−20	11	3	8	0	5	2	4	33	30
214	214	VG	729	173	932	207	788	232	590	−1	−14	+2	+2	+14	+102	+13	+90	+17	+128	+17	+125	140	35	63	42	24	92	24	129	405
215	215	WS	728	183	744	211	659	226	601	+2	0	0	0	+1	0	−1	−10	+8	+51	+6	+38	77	28	15	34	23	50	4	109	279
216	216	MN	726	147	897	190	843	227	650	+2	0	−2	−4	−1	−4	−4	−30	−4	−43	+9	+54	102	22	39	41	21	70	11	100	288
217	217	LA	725	144	1015	186	894	227	646	−2	−10	+2	+16	+1	+8	+7	+56	+3	+32	−6	−55	241	51	72	118	44	162	35	241	764
217	217	BL	725	215	730	217	706	221	694	+2	0	0	0	0	0	−1	0	0	+12	+3	+31	10	7	3	0	4	5	1	25	29
219	219	GU	705	179	894	207	694	232	531	+1	0	−1	−13	0	−8	+3	+24	−3	−22	−15	−166	132	25	44	63	31	88	13	169	592
220	220	TL	703	215	741	226	630	236	530	−4	−30	+4	+24	+3	+15	+5	+57	+8	+62	−2	−10	97	5	49	43	13	77	7	86	302
221	221	WF	699	169	734	201	699	221	674	0	0	−1	0	−1	0	−3	0	−3	0	−2	0	24	0	5	19	5	19	0	23	109
222	222	VA	692	212	705	218	697	223	686	0	0	−1	0	−1	0	−2	0	−1	0	0	+6	5	0	0	5	0	3	2	1	6
223	223	AB	691	216	701	223	675	227	671	0	0	−1	0	−1	0	−2	0	+2	+20	+3	+20	8	5	3	0	2	4	2	25	26
224	224	VI	679	209	747	219	684	233	586	+5	+52	+6	+52	+7	+61	+9	+72	+3	+21	−7	−42	82	28	35	19	11	58	13	57	300
225	225	PM	677	218	698	223	678	226	677	0	0	0	0	−1	0	−2	0	−2	0	−1	0	7	0	0	7	0	7	0	2	78
226	226	BS	674	157	940	190	871	226	674	−2	−11	−3	−11	−16	−108	−16	−117	−21	−189	−25	−226	91	30	32	29	17	63	11	90	299
227	227	TC	644	205	830	211	764	230	631	−1	−13	−1	−13	−1	−13	+1	+13	−16	−127	−15	−117	57	17	22	18	13	38	6	54	199
228	228	AI	634	196	672	224	557	237	497	−1	−12	0	−12	+4	+18	−2	−10	+8	+78	+9	+81	119	31	52	36	16	89	14	74	419
229	229	TE	628	177	690	209	664	231	628	−1	0	0	0	−2	0	0	0	0	0	0	−1	10	0	3	7	0	9	1	8	38
230	230	BT	622	185	693	219	598	238	526	0	0	+2	+8	0	+1	+1	+1	+4	+55	+4	+53	117	20	40	57	12	97	8	68	423
231	231	CK	620	176	738	206	681	232	620	−1	−2	0	−2	−2	−2	−1	−2	−9	−66	−9	−66	57	5	14	38	13	40	4	51	279
232	232	MO	588	103	1098	175	945	233	588	0	0	+1	0	+1	−7	0	−27	−13	−110	−4	−42	160	51	49	60	24	119	17	141	483
233	233	CX	578	219	614	228	577	235	513	0	0	+1	0	+1	0	+1	0	0	0	0	0	10	6	4	0	7	2	1	29	8
234	234	FK	571	223	593	229	585	235	571	0	0	+1	0	+1	0	+1	0	−2	−9	−2	−9	4	0	1	3	0	4	0	0	25
235	235	FM	564	219	618	231	572	237	564	+1	0	+1	0	+1	0	+1	0	0	0	0	0	8	1	3	4	1	7	0	8	64
236	236	MH	559	235	571	237	559	237	559	+1	0	+1	0	+1	0	−	−	−	−	−	−	2	0	0	2	0	2	0	2	7
237	237	BN	553	167	949	202	775	237	553	−3	−18	−10	−101	−12	−116	−18	−140	−7	−70	−7	−53	154	30	42	82	27	114	13	121	494
238	238	KI	544	188	599	219	578	238	544	0	0	0	0	0	0	−1	0	−1	0	0	0	11	0	2	9	0	10	1	7	126
239	239	TO	520	181	727	214	650	239	480	0	0	0	0	0	0	−1	0	−1	−7	−3	−42	70	10	15	45	16	48	6	82	265
240	240	NU	496	194	500	225	496	240	496	0	0	0	0	0	0	−1	0	−1	0	−1	0	2	0	0	2	0	2	0	0	33
241	241	MP	432	214	682	233	511	243	396	0	0	0	0	0	0	−1	−20	+1	+22	+1	+20	36	7	11	18	5	28	3	43	153
242	242	CC	422	222	487	235	423	242	386	0	0	0	0	0	0	−1	0	−1	0	−1	0	10	4	6	0	2	7	1	8	29
243	243	PW	402	225	442	237	402	243	402	0	0	0	0	0	0	−1	0	0	0	0	0	2	2	0	0	0	2	0	3	27
244	244	AS	370	190	628	226	467	244	335	0	0	0	0	0	−19	−1	−19	−4	−102	−4	−93	59	0	15	44	5	52	2	36	385